ds,yhat,state
2025-01-09,4.999999971961792,Andaman & Nicobar Islands
2025-01-11,1.0000000255130657,Andaman & Nicobar Islands
2025-02-09,1.0000002090073563,Andaman & Nicobar Islands
2025-03-09,1.000000159564749,Andaman & Nicobar Islands
2025-03-11,1.999999793829239,Andaman & Nicobar Islands
2025-04-09,4.9999997234529685,Andaman & Nicobar Islands
2025-05-09,2.00000075484186,Andaman & Nicobar Islands
2025-08-09,1.0000002210884953,Andaman & Nicobar Islands
2025-09-09,1.9999997898024677,Andaman & Nicobar Islands
2025-09-11,1.999999814015165,Andaman & Nicobar Islands
2025-11-09,3.0000001092148114,Andaman & Nicobar Islands
2025-11-11,2.9999998095094034,Andaman & Nicobar Islands
2025-12-09,1.9999995684791827,Andaman & Nicobar Islands
2025-12-31,46.933637953011086,Andaman & Nicobar Islands
2026-01-31,23.446501177861823,Andaman & Nicobar Islands
2026-02-28,-9.374425312835681,Andaman & Nicobar Islands
2026-03-31,-22.149177260349795,Andaman & Nicobar Islands
2026-04-30,-15.818096527418438,Andaman & Nicobar Islands
2026-05-31,-10.135322851074662,Andaman & Nicobar Islands
2026-06-30,-7.855327397414198,Andaman & Nicobar Islands
2026-07-31,6.549299677713254,Andaman & Nicobar Islands
2026-08-31,17.215825470472776,Andaman & Nicobar Islands
2026-09-30,-0.5223335688090103,Andaman & Nicobar Islands
2026-10-31,0.34816269653435894,Andaman & Nicobar Islands
2026-11-30,3.671254054606172,Andaman & Nicobar Islands
2025-01-09,22.000000458175027,Andaman And Nicobar Islands
2025-01-11,2.00000043604635,Andaman And Nicobar Islands
2025-02-09,9.000001206722015,Andaman And Nicobar Islands
2025-02-11,2.0000012940855463,Andaman And Nicobar Islands
2025-03-09,10.999999361466536,Andaman And Nicobar Islands
2025-03-11,0.9999994503723784,Andaman And Nicobar Islands
2025-04-09,11.999998666881387,Andaman And Nicobar Islands
2025-05-09,3.000000482647668,Andaman And Nicobar Islands
2025-05-11,4.000000282226908,Andaman And Nicobar Islands
2025-06-11,3.000001255171214,Andaman And Nicobar Islands
2025-07-11,3.9999997801398957,Andaman And Nicobar Islands
2025-08-09,11.999998931909754,Andaman And Nicobar Islands
2025-08-11,6.999998957094572,Andaman And Nicobar Islands
2025-09-09,11.000000179391101,Andaman And Nicobar Islands
2025-09-11,2.0000000165131135,Andaman And Nicobar Islands
2025-10-09,12.000000745679314,Andaman And Nicobar Islands
2025-10-11,6.000000794682686,Andaman And Nicobar Islands
2025-11-09,2.999999669489048,Andaman And Nicobar Islands
2025-11-11,8.999999699238948,Andaman And Nicobar Islands
2025-12-09,2.999998890525335,Andaman And Nicobar Islands
2025-12-11,4.999998899407991,Andaman And Nicobar Islands
2025-12-31,68.26513288970526,Andaman And Nicobar Islands
2026-01-31,-9.828929138860957,Andaman And Nicobar Islands
2026-02-28,3.3495015189483315,Andaman And Nicobar Islands
2026-03-31,-38.637057840989826,Andaman And Nicobar Islands
2026-04-30,124.58391193769886,Andaman And Nicobar Islands
2026-05-31,-78.46767689076128,Andaman And Nicobar Islands
2026-06-30,21.283826535893404,Andaman And Nicobar Islands
2026-07-31,52.04531690746708,Andaman And Nicobar Islands
2026-08-31,39.68115640325031,Andaman And Nicobar Islands
2026-09-30,-15.150873188872374,Andaman And Nicobar Islands
2026-10-31,-38.58480710907324,Andaman And Nicobar Islands
2026-11-30,38.95101646024385,Andaman And Nicobar Islands
2025-01-06,1574.0000115478695,Andhra Pradesh
2025-01-07,955.9999893144116,Andhra Pradesh
2025-01-09,2254.000014066711,Andhra Pradesh
2025-01-11,624.0000212198604,Andhra Pradesh
2025-02-09,2275.0001316426938,Andhra Pradesh
2025-02-11,3125.0000829136707,Andhra Pradesh
2025-03-09,2166.000032027625,Andhra Pradesh
2025-03-11,1248.999994807551,Andhra Pradesh
2025-04-09,1861.9998146570852,Andhra Pradesh
2025-04-11,23.99984510018828,Andhra Pradesh
2025-05-09,777.9999647255129,Andhra Pradesh
2025-05-11,2785.9999894756406,Andhra Pradesh
2025-06-09,1987.000129414429,Andhra Pradesh
2025-06-11,1422.0000890634183,Andhra Pradesh
2025-07-09,170.9999297947882,Andhra Pradesh
2025-07-11,1451.9999482441463,Andhra Pradesh
2025-08-09,2460.9998172246646,Andhra Pradesh
2025-08-11,1368.999812646103,Andhra Pradesh
2025-09-09,2290.0000887879532,Andhra Pradesh
2025-09-11,1086.0001130170788,Andhra Pradesh
2025-10-09,2038.00007636343,Andhra Pradesh
2025-10-11,1687.0000931434595,Andhra Pradesh
2025-11-09,1797.9999238235478,Andhra Pradesh
2025-11-11,1399.9998690578811,Andhra Pradesh
2025-12-09,2030.9998753013897,Andhra Pradesh
2025-12-11,1082.9998890879842,Andhra Pradesh
2025-12-31,-6499.540804593091,Andhra Pradesh
2026-01-31,1216.224012094527,Andhra Pradesh
2026-02-28,7283.88045358347,Andhra Pradesh
2026-03-31,9570.838891730938,Andhra Pradesh
2026-04-30,18923.710477672015,Andhra Pradesh
2026-05-31,-14397.386283832035,Andhra Pradesh
2026-06-30,11600.786680227797,Andhra Pradesh
2026-07-31,31126.382430460166,Andhra Pradesh
2026-08-31,7024.013937205939,Andhra Pradesh
2026-09-30,-5076.3950074465665,Andhra Pradesh
2026-10-31,11354.569199214653,Andhra Pradesh
2026-11-30,12848.593941497089,Andhra Pradesh
2025-01-07,483.9999935220278,Arunachal Pradesh
2025-01-09,117.99999226130598,Arunachal Pradesh
2025-01-11,25.999996645162014,Arunachal Pradesh
2025-02-09,122.00000683872588,Arunachal Pradesh
2025-02-11,36.000000933154496,Arunachal Pradesh
2025-03-09,94.0000028767841,Arunachal Pradesh
2025-03-11,41.99999530343857,Arunachal Pradesh
2025-04-09,108.99999917877079,Arunachal Pradesh
2025-05-09,68.99999997675656,Arunachal Pradesh
2025-05-11,60.00000562655949,Arunachal Pradesh
2025-06-09,57.99999565091903,Arunachal Pradesh
2025-06-11,72.99999742625656,Arunachal Pradesh
2025-07-09,57.999996774374374,Arunachal Pradesh
2025-07-11,46.99999482803173,Arunachal Pradesh
2025-08-09,108.00000227399585,Arunachal Pradesh
2025-08-11,63.00000180713411,Arunachal Pradesh
2025-09-09,117.00000215673694,Arunachal Pradesh
2025-09-11,26.000000504470826,Arunachal Pradesh
2025-10-09,73.00000347843852,Arunachal Pradesh
2025-10-11,22.00000829326533,Arunachal Pradesh
2025-11-09,77.00000707682975,Arunachal Pradesh
2025-11-11,33.000001160008125,Arunachal Pradesh
2025-12-09,64.99999104801182,Arunachal Pradesh
2025-12-11,46.99998921385114,Arunachal Pradesh
2025-12-31,872.6112840926719,Arunachal Pradesh
2026-01-31,-575.4880827891005,Arunachal Pradesh
2026-02-28,-616.4077198266638,Arunachal Pradesh
2026-03-31,-950.4788775775523,Arunachal Pradesh
2026-04-30,727.049650140141,Arunachal Pradesh
2026-05-31,-84.5213608388382,Arunachal Pradesh
2026-06-30,-1422.5028815455526,Arunachal Pradesh
2026-07-31,68.90106388543154,Arunachal Pradesh
2026-08-31,-477.0887743397213,Arunachal Pradesh
2026-09-30,464.69814718812773,Arunachal Pradesh
2026-10-31,-749.8720976366105,Arunachal Pradesh
2026-11-30,-741.2925749870726,Arunachal Pradesh
2025-01-04,25653.992478183936,Assam
2025-01-05,13196.9945042326,Assam
2025-01-06,9733.994399171876,Assam
2025-01-07,47872.99248743817,Assam
2025-01-09,3628.9924993436434,Assam
2025-01-11,553.9937647435872,Assam
2025-02-09,3618.995466163993,Assam
2025-02-11,2492.9928778092435,Assam
2025-03-09,2653.995255561982,Assam
2025-03-11,1021.993824945268,Assam
2025-04-09,2879.001729445212,Assam
2025-04-11,14.99968922950211,Assam
2025-05-09,2342.010807674713,Assam
2025-05-11,2534.0101783059363,Assam
2025-06-09,2736.9962228155346,Assam
2025-06-11,1687.9982105337695,Assam
2025-07-09,650.0009833106333,Assam
2025-07-11,1143.00128775524,Assam
2025-08-09,3452.9995254912938,Assam
2025-08-11,1560.0011333868024,Assam
2025-09-09,3038.996772765837,Assam
2025-09-11,919.9969607020321,Assam
2025-10-09,2930.9977259913867,Assam
2025-10-11,1395.9971030473243,Assam
2025-11-09,2421.003284419363,Assam
2025-11-11,1355.000554082566,Assam
2025-12-09,1875.0093131798203,Assam
2025-12-11,1672.0094112840889,Assam
2025-12-31,-25258.4214667615,Assam
2026-01-31,-129811.19147684862,Assam
2026-02-28,-377981.9978125427,Assam
2026-03-31,-866963.1645465456,Assam
2026-04-30,-850505.8643328554,Assam
2026-05-31,544261.7480824876,Assam
2026-06-30,-964974.6044995629,Assam
2026-07-31,-221309.7819382293,Assam
2026-08-31,-572568.2068964775,Assam
2026-09-30,-136738.579844016,Assam
2026-10-31,-203746.85797875025,Assam
2026-11-30,-629640.9407484552,Assam
2025-01-04,29656.633642440604,Bihar
2025-01-05,31544.3329752,Bihar
2025-01-06,46021.2194569616,Bihar
2025-01-07,59414.56808293678,Bihar
2025-01-09,8203.221073311986,Bihar
2025-01-11,1530.40406762957,Bihar
2025-02-09,8621.827997513756,Bihar
2025-02-11,7839.989148528533,Bihar
2025-03-09,7845.051707171748,Bihar
2025-03-11,2256.0387407211965,Bihar
2025-04-09,6414.013532432451,Bihar
2025-04-11,-182.99100584631378,Bihar
2025-05-09,2704.7669172596143,Bihar
2025-05-11,9351.112779883544,Bihar
2025-06-09,7025.364807916663,Bihar
2025-06-11,5241.827363355733,Bihar
2025-07-09,1486.5873874190172,Bihar
2025-07-11,3796.2727426631573,Bihar
2025-08-09,7624.113034321013,Bihar
2025-08-11,7050.395059571212,Bihar
2025-09-03,855.6315319066998,Bihar
2025-09-09,8547.676300163475,Bihar
2025-09-11,3918.7038876769147,Bihar
2025-10-09,7531.552580583651,Bihar
2025-10-11,6287.854282452201,Bihar
2025-11-09,6510.712353683106,Bihar
2025-11-11,4156.562837681908,Bihar
2025-12-09,7221.165905245085,Bihar
2025-12-11,4494.532228230964,Bihar
2025-12-31,-2770.0305266345094,Bihar
2026-01-31,-105976.97399531558,Bihar
2026-02-28,-317271.2296967895,Bihar
2026-03-31,-723462.41343376,Bihar
2026-04-30,-754735.1993043616,Bihar
2026-05-31,357888.81399736967,Bihar
2026-06-30,-746324.2153327849,Bihar
2026-07-31,-75113.65356851328,Bihar
2026-08-31,-547170.5212733385,Bihar
2026-09-30,-130186.6038847082,Bihar
2026-10-31,-176504.7217626294,Bihar
2026-11-30,-545699.6315526745,Bihar
2025-01-04,116.99999295531157,Chandigarh
2025-01-09,18.99999540265164,Chandigarh
2025-01-11,13.999995500693837,Chandigarh
2025-02-09,20.000001874257936,Chandigarh
2025-02-11,95.00000129799486,Chandigarh
2025-03-09,15.000001686479603,Chandigarh
2025-03-11,13.000002503248623,Chandigarh
2025-04-09,33.99999821100856,Chandigarh
2025-05-09,39.000005570973684,Chandigarh
2025-05-11,39.00000544936796,Chandigarh
2025-06-09,34.9999953097592,Chandigarh
2025-06-11,21.99999664611229,Chandigarh
2025-07-09,16.00000371324872,Chandigarh
2025-07-11,22.000003066084282,Chandigarh
2025-08-09,44.99999667130493,Chandigarh
2025-08-11,39.9999966580977,Chandigarh
2025-09-09,46.000006108099456,Chandigarh
2025-09-11,33.000005982016624,Chandigarh
2025-10-09,48.00000291346079,Chandigarh
2025-10-11,56.00000193806861,Chandigarh
2025-11-09,46.99999811768016,Chandigarh
2025-11-11,22.999999651663725,Chandigarh
2025-12-09,36.00000771657977,Chandigarh
2025-12-11,16.00000626094178,Chandigarh
2025-12-31,495.902163812827,Chandigarh
2026-01-31,-51.80890365892382,Chandigarh
2026-02-28,176.25108689759182,Chandigarh
2026-03-31,-130.28212824237022,Chandigarh
2026-04-30,-144.2155006482766,Chandigarh
2026-05-31,67.33953397024014,Chandigarh
2026-06-30,-733.7441199681443,Chandigarh
2026-07-31,1039.0452184225069,Chandigarh
2026-08-31,-357.990334971249,Chandigarh
2026-09-30,490.64483644070276,Chandigarh
2026-10-31,210.35050373250158,Chandigarh
2026-11-30,-177.21372125059148,Chandigarh
2025-01-04,1744.9999869992353,Chhattisgarh
2025-01-05,1406.0004067074588,Chhattisgarh
2025-01-06,1263.0004474479174,Chhattisgarh
2025-01-07,7587.000265526291,Chhattisgarh
2025-01-09,1378.0001736334743,Chhattisgarh
2025-01-11,288.00058576998345,Chhattisgarh
2025-02-09,1431.999977507723,Chhattisgarh
2025-02-11,2379.999791640981,Chhattisgarh
2025-03-09,1271.0008631722594,Chhattisgarh
2025-03-11,552.0003882444944,Chhattisgarh
2025-04-09,989.0004989206063,Chhattisgarh
2025-04-11,49.00038751167085,Chhattisgarh
2025-05-09,467.000225699132,Chhattisgarh
2025-05-11,1867.0004996290963,Chhattisgarh
2025-06-09,1139.0006148572047,Chhattisgarh
2025-06-11,859.0004868258393,Chhattisgarh
2025-07-09,173.00161920254573,Chhattisgarh
2025-07-11,1015.0017005835484,Chhattisgarh
2025-08-09,1800.9984322495807,Chhattisgarh
2025-08-11,1540.9988203331068,Chhattisgarh
2025-09-09,1953.0003650932395,Chhattisgarh
2025-09-11,1038.9999679566226,Chhattisgarh
2025-10-09,1576.0003863656675,Chhattisgarh
2025-10-11,1220.0006558936948,Chhattisgarh
2025-11-09,1293.0008248547165,Chhattisgarh
2025-11-11,952.000352104551,Chhattisgarh
2025-12-09,1712.0001730027361,Chhattisgarh
2025-12-11,783.9999581556622,Chhattisgarh
2025-12-31,-9936.523734388538,Chhattisgarh
2026-01-31,-23595.715930967675,Chhattisgarh
2026-02-28,-55649.71141786754,Chhattisgarh
2026-03-31,-129010.20867910358,Chhattisgarh
2026-04-30,-137168.7128491923,Chhattisgarh
2026-05-31,72845.16036854273,Chhattisgarh
2026-06-30,-146151.17497162454,Chhattisgarh
2026-07-31,-35717.03294051573,Chhattisgarh
2026-08-31,-94330.73513854388,Chhattisgarh
2026-09-30,-33487.4494776957,Chhattisgarh
2026-10-31,-36222.0826376049,Chhattisgarh
2026-11-30,-101126.23185576295,Chhattisgarh
2025-01-09,1.0,Dadra & Nagar Haveli
2025-02-09,1.0,Dadra & Nagar Haveli
2025-02-11,1.0,Dadra & Nagar Haveli
2025-03-09,1.0,Dadra & Nagar Haveli
2025-05-09,1.0,Dadra & Nagar Haveli
2025-06-09,1.0,Dadra & Nagar Haveli
2025-08-09,1.0,Dadra & Nagar Haveli
2025-09-09,1.0,Dadra & Nagar Haveli
2025-10-09,1.0,Dadra & Nagar Haveli
2025-10-11,1.0,Dadra & Nagar Haveli
2025-11-11,1.0,Dadra & Nagar Haveli
2025-11-30,1.0,Dadra & Nagar Haveli
2025-12-31,1.0,Dadra & Nagar Haveli
2026-01-31,1.0,Dadra & Nagar Haveli
2026-02-28,1.0,Dadra & Nagar Haveli
2026-03-31,1.0,Dadra & Nagar Haveli
2026-04-30,1.0,Dadra & Nagar Haveli
2026-05-31,1.0,Dadra & Nagar Haveli
2026-06-30,1.0,Dadra & Nagar Haveli
2026-07-31,1.0,Dadra & Nagar Haveli
2026-08-31,1.0,Dadra & Nagar Haveli
2026-09-30,1.0,Dadra & Nagar Haveli
2026-10-31,1.0,Dadra & Nagar Haveli
2025-01-09,16.00000066050186,Dadra And Nagar Haveli
2025-02-09,16.000001292187292,Dadra And Nagar Haveli
2025-02-11,22.00000084196882,Dadra And Nagar Haveli
2025-03-09,21.000001444790904,Dadra And Nagar Haveli
2025-03-11,4.000001708187012,Dadra And Nagar Haveli
2025-04-09,6.999997784773394,Dadra And Nagar Haveli
2025-05-09,2.000001443740251,Dadra And Nagar Haveli
2025-05-11,2.0000020629679582,Dadra And Nagar Haveli
2025-06-09,2.0000015614586513,Dadra And Nagar Haveli
2025-06-11,6.000001879025154,Dadra And Nagar Haveli
2025-07-11,5.999998924397167,Dadra And Nagar Haveli
2025-08-09,18.999999893525796,Dadra And Nagar Haveli
2025-08-11,5.999999466871634,Dadra And Nagar Haveli
2025-09-09,25.000000094299335,Dadra And Nagar Haveli
2025-09-11,6.999998726243575,Dadra And Nagar Haveli
2025-10-09,17.00000236831977,Dadra And Nagar Haveli
2025-10-11,7.000001871014126,Dadra And Nagar Haveli
2025-11-09,30.000002278780286,Dadra And Nagar Haveli
2025-11-11,8.000002101323545,Dadra And Nagar Haveli
2025-12-09,19.000000452888344,Dadra And Nagar Haveli
2025-12-11,11.999999373199069,Dadra And Nagar Haveli
2025-12-31,-79.00841614207584,Dadra And Nagar Haveli
2026-01-31,-18.2495647595284,Dadra And Nagar Haveli
2026-02-28,9.094984946918355,Dadra And Nagar Haveli
2026-03-31,-48.45472089371817,Dadra And Nagar Haveli
2026-04-30,-117.58620455519674,Dadra And Nagar Haveli
2026-05-31,179.172069741713,Dadra And Nagar Haveli
2026-06-30,186.98334553386343,Dadra And Nagar Haveli
2026-07-31,-54.15321677126967,Dadra And Nagar Haveli
2026-08-31,-65.99191248057527,Dadra And Nagar Haveli
2026-09-30,-245.80863472019374,Dadra And Nagar Haveli
2026-10-31,129.06953607430128,Dadra And Nagar Haveli
2026-11-30,-109.46565816492796,Dadra And Nagar Haveli
2025-01-09,1.0000009714440328,Dadra And Nagar Haveli And Daman And Diu
2025-01-11,1.0000009304514492,Dadra And Nagar Haveli And Daman And Diu
2025-02-09,1.0000001409683037,Dadra And Nagar Haveli And Daman And Diu
2025-02-11,6.999999910817151,Dadra And Nagar Haveli And Daman And Diu
2025-03-09,3.999999911849679,Dadra And Nagar Haveli And Daman And Diu
2025-03-11,0.9999998197668454,Dadra And Nagar Haveli And Daman And Diu
2025-04-09,3.0000002801842314,Dadra And Nagar Haveli And Daman And Diu
2025-05-09,1.0000001066427942,Dadra And Nagar Haveli And Daman And Diu
2025-06-09,0.99999955566068,Dadra And Nagar Haveli And Daman And Diu
2025-06-11,2.9999997322261693,Dadra And Nagar Haveli And Daman And Diu
2025-08-09,2.999999622554257,Dadra And Nagar Haveli And Daman And Diu
2025-09-09,6.999998780221443,Dadra And Nagar Haveli And Daman And Diu
2025-10-09,4.00000148893879,Dadra And Nagar Haveli And Daman And Diu
2025-10-11,4.000001469015388,Dadra And Nagar Haveli And Daman And Diu
2025-11-09,7.000000284741893,Dadra And Nagar Haveli And Daman And Diu
2025-11-11,1.0000000507198124,Dadra And Nagar Haveli And Daman And Diu
2025-12-09,5.000000410218684,Dadra And Nagar Haveli And Daman And Diu
2025-12-11,1.0000001623128654,Dadra And Nagar Haveli And Daman And Diu
2025-12-31,-22.05294530330237,Dadra And Nagar Haveli And Daman And Diu
2026-01-31,-21.448405174464654,Dadra And Nagar Haveli And Daman And Diu
2026-02-28,26.38135163674494,Dadra And Nagar Haveli And Daman And Diu
2026-03-31,10.331177246913134,Dadra And Nagar Haveli And Daman And Diu
2026-04-30,8.253956003817185,Dadra And Nagar Haveli And Daman And Diu
2026-05-31,135.85895887597985,Dadra And Nagar Haveli And Daman And Diu
2026-06-30,82.84231417200827,Dadra And Nagar Haveli And Daman And Diu
2026-07-31,-137.6924266574646,Dadra And Nagar Haveli And Daman And Diu
2026-08-31,101.67514638113087,Dadra And Nagar Haveli And Daman And Diu
2026-09-30,35.82993399271302,Dadra And Nagar Haveli And Daman And Diu
2026-10-31,58.61585787007478,Dadra And Nagar Haveli And Daman And Diu
2026-11-30,52.50561146328113,Dadra And Nagar Haveli And Daman And Diu
2025-01-09,2.999999933059559,Daman And Diu
2025-02-09,0.9999997586391367,Daman And Diu
2025-02-11,2.9999999086580083,Daman And Diu
2025-03-09,0.999999752070373,Daman And Diu
2025-05-11,0.999999539859405,Daman And Diu
2025-07-11,0.9999995733677354,Daman And Diu
2025-08-09,1.0000005882939256,Daman And Diu
2025-08-11,5.000000475236943,Daman And Diu
2025-09-09,3.999999813045319,Daman And Diu
2025-09-11,4.000000073240298,Daman And Diu
2025-10-11,1.0000002323037158,Daman And Diu
2025-11-09,1.9999996998604406,Daman And Diu
2025-11-11,0.999999900741658,Daman And Diu
2025-12-09,2.000000251149384,Daman And Diu
2025-12-11,2.0000004306944135,Daman And Diu
2025-12-31,33.006373857307224,Daman And Diu
2026-01-31,-6.828118638020079,Daman And Diu
2026-02-28,11.003121620576643,Daman And Diu
2026-03-31,-0.1824120561522662,Daman And Diu
2026-04-30,21.853709688901404,Daman And Diu
2026-05-31,32.040022398935925,Daman And Diu
2026-06-30,5.490917840683505,Daman And Diu
2026-07-31,16.41103342266058,Daman And Diu
2026-08-31,27.105403137091606,Daman And Diu
2026-09-30,-16.606557877512483,Daman And Diu
2026-10-31,30.41075127794773,Daman And Diu
2026-11-30,41.218829143048964,Daman And Diu
2025-01-04,5799.806860959823,Delhi
2025-01-05,5650.520093559469,Delhi
2025-01-06,8373.512621357535,Delhi
2025-01-07,18700.15956190835,Delhi
2025-01-09,739.7170009010333,Delhi
2025-01-11,412.5777015341191,Delhi
2025-02-09,741.2543634160538,Delhi
2025-02-11,1671.4515535060164,Delhi
2025-03-09,597.7466809438156,Delhi
2025-03-11,513.5830782660087,Delhi
2025-04-09,748.0476344951749,Delhi
2025-04-11,187.38891758746104,Delhi
2025-05-09,104.36770513272131,Delhi
2025-05-11,1038.0907654202674,Delhi
2025-06-09,997.1514171812123,Delhi
2025-06-11,624.570980431763,Delhi
2025-07-09,291.5499975949392,Delhi
2025-07-11,486.220200826427,Delhi
2025-08-09,1127.6152615063866,Delhi
2025-08-11,655.2600497605044,Delhi
2025-09-03,319.79750458856415,Delhi
2025-09-09,772.1968779045219,Delhi
2025-09-11,763.6971541033308,Delhi
2025-10-09,1035.9538327590199,Delhi
2025-10-11,794.9326552313687,Delhi
2025-11-09,953.3188131536226,Delhi
2025-11-11,493.0068578077189,Delhi
2025-12-09,913.5037531696871,Delhi
2025-12-11,561.5409012057389,Delhi
2025-12-31,44717.66809867436,Delhi
2026-01-31,13468.03077926828,Delhi
2026-02-28,-62564.008062729496,Delhi
2026-03-31,-210981.78472481333,Delhi
2026-04-30,-230654.88738523985,Delhi
2026-05-31,220499.50263857332,Delhi
2026-06-30,-226874.45287708964,Delhi
2026-07-31,5321.131513636203,Delhi
2026-08-31,-147895.5681453786,Delhi
2026-09-30,22451.704610452667,Delhi
2026-10-31,-5685.335675066221,Delhi
2026-11-30,-148657.17781881493,Delhi
2025-01-07,42.00000026150287,Goa
2025-01-09,33.000000538534536,Goa
2025-01-11,30.000000521543136,Goa
2025-02-09,36.99999995769926,Goa
2025-02-11,13.999999858029101,Goa
2025-03-09,35.00000038895165,Goa
2025-03-11,9.000000190770155,Goa
2025-04-09,38.00000000826206,Goa
2025-04-11,0.9999998648332777,Goa
2025-05-09,23.999999529987832,Goa
2025-05-11,54.00000013922556,Goa
2025-06-09,15.999999637164333,Goa
2025-06-11,28.999999896655847,Goa
2025-07-09,1.9999990596257398,Goa
2025-07-11,24.99999900642665,Goa
2025-08-09,52.999999700024354,Goa
2025-08-11,53.99999925758759,Goa
2025-09-09,38.999999997693116,Goa
2025-09-11,24.999999904575937,Goa
2025-10-09,50.99999925408625,Goa
2025-10-11,18.99999903044698,Goa
2025-11-09,37.999999764318204,Goa
2025-11-11,29.999999570674117,Goa
2025-12-09,45.99999960383706,Goa
2025-12-11,28.99999965942989,Goa
2025-12-31,48.089012741587844,Goa
2026-01-31,-12.60398251332228,Goa
2026-02-28,9.14126967388584,Goa
2026-03-31,91.79355778188128,Goa
2026-04-30,-32.706717629690495,Goa
2026-05-31,60.44163745052751,Goa
2026-06-30,-125.93626128365347,Goa
2026-07-31,170.65291850472428,Goa
2026-08-31,63.99263344315918,Goa
2026-09-30,147.07757501586894,Goa
2026-10-31,-101.09923490372904,Goa
2026-11-30,73.20627305974372,Goa
2025-01-04,27846.00011558394,Gujarat
2025-01-05,14294.000718447554,Gujarat
2025-01-06,12224.00082983877,Gujarat
2025-01-07,60833.00019404528,Gujarat
2025-01-09,3633.000793208892,Gujarat
2025-01-11,282.99926436535316,Gujarat
2025-02-09,3550.9919927175506,Gujarat
2025-02-11,3250.990596631833,Gujarat
2025-03-09,3347.9936155248433,Gujarat
2025-03-11,850.9937704321346,Gujarat
2025-04-09,2393.0000098920573,Gujarat
2025-04-11,7.001050946128089,Gujarat
2025-05-09,173.0014851516171,Gujarat
2025-05-11,1711.9972807643062,Gujarat
2025-06-09,1651.9961508150664,Gujarat
2025-06-11,1096.9997042466057,Gujarat
2025-07-09,89.00518587231727,Gujarat
2025-07-11,1452.0041226178953,Gujarat
2025-08-09,2853.9929175590223,Gujarat
2025-08-11,2397.9946808996974,Gujarat
2025-09-09,3338.999016663889,Gujarat
2025-09-11,2501.999912580184,Gujarat
2025-10-09,3923.0071557689807,Gujarat
2025-10-11,1766.006855882355,Gujarat
2025-11-09,3736.992363387777,Gujarat
2025-11-11,1820.992250297335,Gujarat
2025-12-09,3573.0006755376235,Gujarat
2025-12-11,2497.001122799935,Gujarat
2025-12-31,-18499.708416348032,Gujarat
2026-01-31,-151522.65692088217,Gujarat
2026-02-28,-467767.0661322273,Gujarat
2026-03-31,-1093814.0622028294,Gujarat
2026-04-30,-1142432.0890713974,Gujarat
2026-05-31,706855.4521091951,Gujarat
2026-06-30,-1219222.2250401862,Gujarat
2026-07-31,-295469.7818887193,Gujarat
2026-08-31,-764046.7062233979,Gujarat
2026-09-30,-180081.16020715388,Gujarat
2026-10-31,-268102.52744155517,Gujarat
2026-11-30,-820560.7922601897,Gujarat
2025-01-04,2535.638427220305,Haryana
2025-01-05,3605.9570972395977,Haryana
2025-01-06,7262.928811475292,Haryana
2025-01-07,6892.041312385739,Haryana
2025-01-09,1334.8643601493786,Haryana
2025-01-11,203.83762919838955,Haryana
2025-02-09,1080.8975199343386,Haryana
2025-02-11,1541.8661707539995,Haryana
2025-03-09,1254.070641951951,Haryana
2025-03-11,319.2343737139854,Haryana
2025-04-09,1107.4870657027031,Haryana
2025-04-11,-282.5300560153182,Haryana
2025-05-09,1286.1946466111858,Haryana
2025-05-11,1115.8925810915748,Haryana
2025-06-09,1036.19052740917,Haryana
2025-06-11,797.1220226929395,Haryana
2025-07-09,101.97213233591378,Haryana
2025-07-11,912.5240243067828,Haryana
2025-08-09,1237.5191167076305,Haryana
2025-08-11,1385.6150471302644,Haryana
2025-09-03,46.482879102970855,Haryana
2025-09-09,1817.6482063166977,Haryana
2025-09-11,873.135554427281,Haryana
2025-10-09,1203.8965752451777,Haryana
2025-10-11,1431.7070710323396,Haryana
2025-11-09,852.7867694828492,Haryana
2025-11-11,1077.0382347621253,Haryana
2025-12-09,1124.2977863668802,Haryana
2025-12-11,724.3165363886601,Haryana
2025-12-31,10562.952179410588,Haryana
2026-01-31,-1503.9402983931868,Haryana
2026-02-28,-20059.947456823145,Haryana
2026-03-31,-64832.460132193,Haryana
2026-04-30,-64705.99553401909,Haryana
2026-05-31,41849.861739964224,Haryana
2026-06-30,-68238.04482839242,Haryana
2026-07-31,14646.317882037714,Haryana
2026-08-31,-46316.232296193324,Haryana
2026-09-30,-4338.8864927991635,Haryana
2026-10-31,-7544.127672569786,Haryana
2026-11-30,-42204.76059015439,Haryana
2025-01-07,114.00003914277907,Himachal Pradesh
2025-01-09,110.00004477302673,Himachal Pradesh
2025-01-11,79.00004483978353,Himachal Pradesh
2025-02-09,89.99998337207987,Himachal Pradesh
2025-02-11,452.99998763332223,Himachal Pradesh
2025-03-09,120.9999673509797,Himachal Pradesh
2025-03-11,160.99996580066255,Himachal Pradesh
2025-04-09,124.00001440354275,Himachal Pradesh
2025-04-11,11.000014674322898,Himachal Pradesh
2025-05-09,225.00003552766307,Himachal Pradesh
2025-05-11,282.0000312056782,Himachal Pradesh
2025-06-09,216.99999112666734,Himachal Pradesh
2025-06-11,187.99999513847897,Himachal Pradesh
2025-07-09,19.999968524823203,Himachal Pradesh
2025-07-11,222.9999714336969,Himachal Pradesh
2025-08-09,322.00001146086515,Himachal Pradesh
2025-08-11,262.00000690168133,Himachal Pradesh
2025-09-09,351.00002874617303,Himachal Pradesh
2025-09-11,266.00003137946294,Himachal Pradesh
2025-10-09,326.9999901559049,Himachal Pradesh
2025-10-11,285.99999206262885,Himachal Pradesh
2025-11-09,228.99996066135841,Himachal Pradesh
2025-11-11,250.99996039605563,Himachal Pradesh
2025-12-09,255.00001639148658,Himachal Pradesh
2025-12-11,147.000014833644,Himachal Pradesh
2025-12-31,-509.60530451873717,Himachal Pradesh
2026-01-31,51.05232649987721,Himachal Pradesh
2026-02-28,914.3238677296814,Himachal Pradesh
2026-03-31,573.8420440203937,Himachal Pradesh
2026-04-30,-592.1274388020269,Himachal Pradesh
2026-05-31,-739.7454666603527,Himachal Pradesh
2026-06-30,638.3287211847482,Himachal Pradesh
2026-07-31,2016.4126117576877,Himachal Pradesh
2026-08-31,-463.80964733107487,Himachal Pradesh
2026-09-30,-168.85425884066336,Himachal Pradesh
2026-10-31,984.0788766744915,Himachal Pradesh
2026-11-30,-274.2280173889684,Himachal Pradesh
2025-01-09,0.9999998863653055,Jammu & Kashmir
2025-01-11,1.0000004105881164,Jammu & Kashmir
2025-02-09,2.999999525833461,Jammu & Kashmir
2025-02-11,1.9999998563275376,Jammu & Kashmir
2025-03-11,1.0000003928887766,Jammu & Kashmir
2025-04-09,3.0000000862991243,Jammu & Kashmir
2025-05-11,3.9999999849685928,Jammu & Kashmir
2025-06-09,3.999999955763414,Jammu & Kashmir
2025-06-11,0.9999998740153071,Jammu & Kashmir
2025-07-11,1.9999999476659376,Jammu & Kashmir
2025-08-11,2.0000005428381975,Jammu & Kashmir
2025-09-09,2.9999997542752723,Jammu & Kashmir
2025-09-11,0.9999994366426161,Jammu & Kashmir
2025-10-09,2.000000230398502,Jammu & Kashmir
2025-10-11,4.000000752872035,Jammu & Kashmir
2025-11-09,0.9999997216788907,Jammu & Kashmir
2025-11-11,3.000000150934885,Jammu & Kashmir
2025-12-09,2.0000000684646366,Jammu & Kashmir
2025-12-11,1.999999730099968,Jammu & Kashmir
2025-12-31,8.069282519670033,Jammu & Kashmir
2026-01-31,21.92527896317518,Jammu & Kashmir
2026-02-28,20.930055880542177,Jammu & Kashmir
2026-03-31,-40.78375222352654,Jammu & Kashmir
2026-04-30,3.5147568770500435,Jammu & Kashmir
2026-05-31,-48.43014923683713,Jammu & Kashmir
2026-06-30,-1.9800020736021366,Jammu & Kashmir
2026-07-31,30.719682074522115,Jammu & Kashmir
2026-08-31,34.59053431391471,Jammu & Kashmir
2026-09-30,-8.992618331472269,Jammu & Kashmir
2026-10-31,7.364492530264075,Jammu & Kashmir
2026-11-30,51.726263766230886,Jammu & Kashmir
2025-01-04,210.99996726565314,Jammu And Kashmir
2025-01-05,267.999906654494,Jammu And Kashmir
2025-01-07,949.9999785372712,Jammu And Kashmir
2025-01-09,786.0000027573378,Jammu And Kashmir
2025-01-11,121.99998916547884,Jammu And Kashmir
2025-02-09,579.0000139245346,Jammu And Kashmir
2025-02-11,1225.0000718555343,Jammu And Kashmir
2025-03-09,280.9998649313053,Jammu And Kashmir
2025-03-11,399.9999552015189,Jammu And Kashmir
2025-04-09,443.9999991442108,Jammu And Kashmir
2025-04-11,7.999966362937357,Jammu And Kashmir
2025-05-09,374.99993984462,Jammu And Kashmir
2025-05-11,677.9999474130657,Jammu And Kashmir
2025-06-09,441.99995682874095,Jammu And Kashmir
2025-06-11,469.999943818163,Jammu And Kashmir
2025-07-09,32.99992713405675,Jammu And Kashmir
2025-07-11,604.999951428593,Jammu And Kashmir
2025-08-09,670.9999026838974,Jammu And Kashmir
2025-08-11,651.9998316751687,Jammu And Kashmir
2025-09-09,713.0000117685822,Jammu And Kashmir
2025-09-11,802.0000225510946,Jammu And Kashmir
2025-10-09,681.0000320545947,Jammu And Kashmir
2025-10-11,809.9999837400617,Jammu And Kashmir
2025-11-09,498.9999113357535,Jammu And Kashmir
2025-11-11,501.0000106252172,Jammu And Kashmir
2025-12-09,213.00003762085385,Jammu And Kashmir
2025-12-11,296.000040028385,Jammu And Kashmir
2025-12-31,5814.597700214396,Jammu And Kashmir
2026-01-31,2637.700691746327,Jammu And Kashmir
2026-02-28,3131.127668389944,Jammu And Kashmir
2026-03-31,-1267.1502961305468,Jammu And Kashmir
2026-04-30,-10963.722751441312,Jammu And Kashmir
2026-05-31,20638.48587049358,Jammu And Kashmir
2026-06-30,-7252.991199651557,Jammu And Kashmir
2026-07-31,3177.635348630994,Jammu And Kashmir
2026-08-31,565.8225261161288,Jammu And Kashmir
2026-09-30,4092.9457672024228,Jammu And Kashmir
2026-10-31,5733.1466380858055,Jammu And Kashmir
2026-11-30,-62.85196182321715,Jammu And Kashmir
2025-01-04,3705.999550071173,Jharkhand
2025-01-06,3323.999493563241,Jharkhand
2025-01-07,11232.999928581457,Jharkhand
2025-01-09,2832.000147204478,Jharkhand
2025-01-11,359.00017220673226,Jharkhand
2025-02-09,2521.000216657387,Jharkhand
2025-02-11,3900.0003800806676,Jharkhand
2025-03-09,1006.0003088652483,Jharkhand
2025-03-11,960.0005487755882,Jharkhand
2025-04-09,1189.9989383340792,Jharkhand
2025-04-11,48.99896894435392,Jharkhand
2025-05-09,675.9997016414536,Jharkhand
2025-05-11,3332.0003767828866,Jharkhand
2025-06-09,2373.999867549579,Jharkhand
2025-06-11,1645.9992683829025,Jharkhand
2025-07-09,644.9995533749579,Jharkhand
2025-07-11,2299.9993741725775,Jharkhand
2025-08-09,2830.000991137165,Jharkhand
2025-08-11,2438.000955957897,Jharkhand
2025-09-09,2851.9998787481777,Jharkhand
2025-09-11,2508.9999842787233,Jharkhand
2025-10-09,2620.000524234333,Jharkhand
2025-10-11,2931.0004516285644,Jharkhand
2025-11-09,2282.9994015536304,Jharkhand
2025-11-11,2072.9995518018986,Jharkhand
2025-12-09,2501.000469360435,Jharkhand
2025-12-11,1271.0004495236471,Jharkhand
2025-12-31,55424.25213582565,Jharkhand
2026-01-31,31296.89476898966,Jharkhand
2026-02-28,9666.763051818212,Jharkhand
2026-03-31,-48650.94965551719,Jharkhand
2026-04-30,-78424.05380877243,Jharkhand
2026-05-31,167233.87234109725,Jharkhand
2026-06-30,-74439.99151913445,Jharkhand
2026-07-31,36785.37124359007,Jharkhand
2026-08-31,-23479.67681684869,Jharkhand
2026-09-30,50021.361279839606,Jharkhand
2026-10-31,37206.56295166987,Jharkhand
2026-11-30,-18972.89008247546,Jharkhand
2025-01-04,9309.128067165351,Karnataka
2025-01-05,5677.245124281631,Karnataka
2025-01-06,12060.130364755372,Karnataka
2025-01-07,15103.16834207828,Karnataka
2025-01-09,3393.866429792266,Karnataka
2025-01-11,833.5488469393167,Karnataka
2025-02-09,3218.684108408226,Karnataka
2025-02-11,4214.051117085386,Karnataka
2025-03-09,2704.4589177733724,Karnataka
2025-03-11,1116.3229295222409,Karnataka
2025-04-09,2635.9421386731046,Karnataka
2025-04-11,313.37373253322585,Karnataka
2025-05-09,369.5576221684605,Karnataka
2025-05-11,2886.805275671217,Karnataka
2025-06-09,2795.9599679038893,Karnataka
2025-06-11,1996.2701382832092,Karnataka
2025-07-09,613.9587008995386,Karnataka
2025-07-11,1441.9636299568501,Karnataka
2025-08-09,3942.091016008031,Karnataka
2025-08-11,1293.7886532159646,Karnataka
2025-09-03,407.72168620760203,Karnataka
2025-09-09,3233.302505915286,Karnataka
2025-09-11,1533.0096760423548,Karnataka
2025-10-09,3509.60714598863,Karnataka
2025-10-11,2830.1296243610414,Karnataka
2025-11-09,3286.736668106125,Karnataka
2025-11-11,2537.565587902849,Karnataka
2025-12-09,3312.4810863245657,Karnataka
2025-12-11,1096.4067858662456,Karnataka
2025-12-31,-122070.8997353096,Karnataka
2026-01-31,-143058.45369153528,Karnataka
2026-02-28,-212520.80531577725,Karnataka
2026-03-31,-343260.0799346601,Karnataka
2026-04-30,-328145.8079897204,Karnataka
2026-05-31,-55637.75463142083,Karnataka
2026-06-30,-337070.6760473347,Karnataka
2026-07-31,-138684.1760306658,Karnataka
2026-08-31,-282031.8689062214,Karnataka
2026-09-30,-186509.26577485405,Karnataka
2026-10-31,-167687.67295371808,Karnataka
2026-11-30,-288783.78535355587,Karnataka
2025-01-05,379.99989657960595,Kerala
2025-01-06,185.9999200113741,Kerala
2025-01-07,473.9998962902207,Kerala
2025-01-09,1170.9999054285247,Kerala
2025-01-11,266.99989380918385,Kerala
2025-02-09,1132.0000427376494,Kerala
2025-02-11,2176.0000420592455,Kerala
2025-03-09,1001.0001198455795,Kerala
2025-03-11,533.000115295661,Kerala
2025-04-09,268.9999721504579,Kerala
2025-04-11,10.999962383766274,Kerala
2025-05-09,4.999897054472967,Kerala
2025-05-11,1762.9998932749772,Kerala
2025-06-09,142.00009512674234,Kerala
2025-06-11,863.0000871701518,Kerala
2025-07-09,14.000092791367138,Kerala
2025-07-11,633.0000940576479,Kerala
2025-08-09,1278.9999523229153,Kerala
2025-08-11,821.999984196787,Kerala
2025-09-09,1314.9999207186852,Kerala
2025-09-11,1047.9999259499004,Kerala
2025-10-09,1201.0000523888352,Kerala
2025-10-11,1092.0000340593397,Kerala
2025-11-09,1155.0000791216648,Kerala
2025-11-11,982.000074466596,Kerala
2025-12-09,1058.9999587351895,Kerala
2025-12-11,704.9999581992565,Kerala
2025-12-31,-5445.304239513556,Kerala
2026-01-31,-3734.5143377953277,Kerala
2026-02-28,4483.8764014840235,Kerala
2026-03-31,12811.083819442385,Kerala
2026-04-30,-4897.471691689457,Kerala
2026-05-31,-14064.85910339357,Kerala
2026-06-30,18607.79880827674,Kerala
2026-07-31,3339.8579822317224,Kerala
2026-08-31,1028.6622648691055,Kerala
2026-09-30,-7545.333111587947,Kerala
2026-10-31,1060.6101620862357,Kerala
2026-11-30,3543.7052731066933,Kerala
2025-01-09,14.999999194535258,Ladakh
2025-02-09,9.999999712985858,Ladakh
2025-02-11,13.999999704279187,Ladakh
2025-03-11,6.0000011316227155,Ladakh
2025-04-09,10.000000309052048,Ladakh
2025-05-09,5.0000003872268195,Ladakh
2025-05-11,13.000000496896387,Ladakh
2025-06-09,4.999999435385796,Ladakh
2025-06-11,4.999999294370566,Ladakh
2025-07-09,0.9999986370885114,Ladakh
2025-07-11,5.999998654656981,Ladakh
2025-08-09,7.999999674366744,Ladakh
2025-08-11,6.9999998084105295,Ladakh
2025-09-09,6.00000084267711,Ladakh
2025-09-11,12.00000076449853,Ladakh
2025-10-09,24.00000085115688,Ladakh
2025-10-11,11.000000927936913,Ladakh
2025-11-09,3.0000007499546157,Ladakh
2025-11-11,4.000000537341088,Ladakh
2025-12-09,12.999999256420008,Ladakh
2025-12-11,1.999999075970896,Ladakh
2025-12-31,23.21427804958072,Ladakh
2026-01-31,-101.37943306656135,Ladakh
2026-02-28,-115.81566956148833,Ladakh
2026-03-31,111.6705171289801,Ladakh
2026-04-30,-21.754154083914884,Ladakh
2026-05-31,48.031808979205586,Ladakh
2026-06-30,-65.35518606966538,Ladakh
2026-07-31,-49.174561429642345,Ladakh
2026-08-31,-36.833525143145536,Ladakh
2026-09-30,17.271872997144754,Ladakh
2026-10-31,-22.399071503486862,Ladakh
2026-11-30,10.98312056568415,Ladakh
2025-01-09,1.0000004653887906,Lakshadweep
2025-01-11,2.000000471816195,Lakshadweep
2025-02-09,1.000000315455865,Lakshadweep
2025-02-11,12.000000672929719,Lakshadweep
2025-03-09,2.9999990037183224,Lakshadweep
2025-03-11,1.9999996833573999,Lakshadweep
2025-04-09,1.9999994386919142,Lakshadweep
2025-05-11,4.999999075955449,Lakshadweep
2025-06-09,1.9999989918439347,Lakshadweep
2025-06-11,4.999997787187273,Lakshadweep
2025-07-11,1.0000025655825402,Lakshadweep
2025-08-09,2.9999994014902933,Lakshadweep
2025-08-11,0.9999996814555825,Lakshadweep
2025-09-09,2.9999994944666213,Lakshadweep
2025-09-11,1.999999511263363,Lakshadweep
2025-10-09,3.000001235439411,Lakshadweep
2025-10-11,7.000001005791279,Lakshadweep
2025-11-09,6.999999822713371,Lakshadweep
2025-11-11,1.0000006408156903,Lakshadweep
2025-12-09,4.000000577256481,Lakshadweep
2025-12-31,72.32765175685381,Lakshadweep
2026-01-31,-61.41090976537804,Lakshadweep
2026-02-28,33.60305735927071,Lakshadweep
2026-03-31,87.19458326399848,Lakshadweep
2026-04-30,-20.31999534311546,Lakshadweep
2026-05-31,-2.874373114346959,Lakshadweep
2026-06-30,-14.673023813397485,Lakshadweep
2026-07-31,96.91289672174408,Lakshadweep
2026-08-31,-56.61734471973561,Lakshadweep
2026-09-30,101.16519097901978,Lakshadweep
2026-10-31,6.859009604890396,Lakshadweep
2026-11-30,17.22349958257704,Lakshadweep
2025-01-04,15964.064042134705,Madhya Pradesh
2025-01-05,11480.641539089993,Madhya Pradesh
2025-01-06,20171.59320020504,Madhya Pradesh
2025-01-07,62326.94886074017,Madhya Pradesh
2025-01-09,4771.338954202045,Madhya Pradesh
2025-01-11,2212.1791332533758,Madhya Pradesh
2025-02-09,5570.940239133459,Madhya Pradesh
2025-02-11,11276.890639920603,Madhya Pradesh
2025-03-09,3877.8478476789314,Madhya Pradesh
2025-03-11,4513.030242308712,Madhya Pradesh
2025-04-09,4032.323014553025,Madhya Pradesh
2025-04-11,1797.716111597867,Madhya Pradesh
2025-05-09,-411.9388539958891,Madhya Pradesh
2025-05-11,8291.735605766298,Madhya Pradesh
2025-06-09,3374.000337700876,Madhya Pradesh
2025-06-11,4357.0955616025785,Madhya Pradesh
2025-07-09,837.905748808318,Madhya Pradesh
2025-07-11,3818.663020647192,Madhya Pradesh
2025-08-09,9166.123983538528,Madhya Pradesh
2025-08-11,4152.653316267031,Madhya Pradesh
2025-09-03,1093.2876493085932,Madhya Pradesh
2025-09-09,6941.951773577748,Madhya Pradesh
2025-09-11,6024.860242944196,Madhya Pradesh
2025-10-09,9162.434538990638,Madhya Pradesh
2025-10-11,5177.850066864659,Madhya Pradesh
2025-11-09,7592.288507083373,Madhya Pradesh
2025-11-11,4231.832458784425,Madhya Pradesh
2025-12-09,8298.829658613715,Madhya Pradesh
2025-12-11,2885.618566054647,Madhya Pradesh
2025-12-31,-81026.07710189922,Madhya Pradesh
2026-01-31,-166681.62278248888,Madhya Pradesh
2026-02-28,-456355.46942960087,Madhya Pradesh
2026-03-31,-985807.0647163929,Madhya Pradesh
2026-04-30,-1083868.8816908826,Madhya Pradesh
2026-05-31,503446.6553480458,Madhya Pradesh
2026-06-30,-1017987.8373153531,Madhya Pradesh
2026-07-31,-220041.74710482766,Madhya Pradesh
2026-08-31,-767089.7973586537,Madhya Pradesh
2026-09-30,-199546.15437301446,Madhya Pradesh
2026-10-31,-240791.00506272545,Madhya Pradesh
2026-11-30,-788733.2975492568,Madhya Pradesh
2025-01-04,9355.424390504879,Maharashtra
2025-01-05,10582.070394518814,Maharashtra
2025-01-06,12529.339594089586,Maharashtra
2025-01-07,53993.13563878625,Maharashtra
2025-01-09,2298.7646043445275,Maharashtra
2025-01-11,1695.8093606114853,Maharashtra
2025-02-09,3446.323733103083,Maharashtra
2025-02-11,9127.07267072775,Maharashtra
2025-03-09,3322.456469464232,Maharashtra
2025-03-11,3475.3833423976175,Maharashtra
2025-04-09,3008.6887703536922,Maharashtra
2025-04-11,1578.6914700062553,Maharashtra
2025-05-09,-356.00706100407115,Maharashtra
2025-05-11,5057.029634682454,Maharashtra
2025-06-09,1476.5251950053425,Maharashtra
2025-06-11,2488.244074195223,Maharashtra
2025-07-09,791.4968507432227,Maharashtra
2025-07-11,2858.8116458348964,Maharashtra
2025-08-09,6625.765468111458,Maharashtra
2025-08-11,1888.788042917724,Maharashtra
2025-09-03,882.0007366881764,Maharashtra
2025-09-09,4504.58663464,Maharashtra
2025-09-11,4636.263210599791,Maharashtra
2025-10-09,6712.231916400284,Maharashtra
2025-10-11,3479.653416866495,Maharashtra
2025-11-09,6293.790273668303,Maharashtra
2025-11-11,2373.252787796009,Maharashtra
2025-12-09,6286.120368478791,Maharashtra
2025-12-11,2050.338272793466,Maharashtra
2025-12-31,72026.41407659432,Maharashtra
2026-01-31,-9879.94589134834,Maharashtra
2026-02-28,-234458.9293649591,Maharashtra
2026-03-31,-685303.388539664,Maharashtra
2026-04-30,-747851.869266363,Maharashtra
2026-05-31,622453.6555151584,Maharashtra
2026-06-30,-740981.4482064298,Maharashtra
2026-07-31,-44834.626458675426,Maharashtra
2026-08-31,-501043.15543279063,Maharashtra
2026-09-30,17711.5101849598,Maharashtra
2026-10-31,-53678.28957024685,Maharashtra
2026-11-30,-512360.9201516887,Maharashtra
2025-01-04,631.9999416741034,Manipur
2025-01-05,290.99989650960924,Manipur
2025-01-06,602.9998956605723,Manipur
2025-01-07,1625.999912908032,Manipur
2025-01-09,189.99992938637297,Manipur
2025-01-11,32.999860350432755,Manipur
2025-02-09,206.99965423630783,Manipur
2025-02-11,370.9996701532,Manipur
2025-03-09,149.00010254157314,Manipur
2025-03-11,63.00015547684552,Manipur
2025-04-09,170.9998388632771,Manipur
2025-05-09,114.00002908484771,Manipur
2025-05-11,248.99996373796967,Manipur
2025-06-09,171.999803541667,Manipur
2025-06-11,109.9998250650118,Manipur
2025-07-09,43.00006988755166,Manipur
2025-07-11,93.00004142372072,Manipur
2025-08-09,130.00003574631796,Manipur
2025-08-11,150.0000514371785,Manipur
2025-09-09,104.99983482106813,Manipur
2025-09-11,139.99987243581768,Manipur
2025-10-09,170.99996522180345,Manipur
2025-10-11,207.9999178330013,Manipur
2025-11-09,167.00006956193192,Manipur
2025-11-11,116.00011844041819,Manipur
2025-12-09,95.00001303938325,Manipur
2025-12-11,118.00006658567963,Manipur
2025-12-31,4767.998279381798,Manipur
2026-01-31,-1000.9903387699869,Manipur
2026-02-28,-8248.639660838193,Manipur
2026-03-31,-26350.298594282576,Manipur
2026-04-30,-28812.191655863055,Manipur
2026-05-31,29644.572544273844,Manipur
2026-06-30,-36583.417051999466,Manipur
2026-07-31,-399.15754051079057,Manipur
2026-08-31,-15147.820742248376,Manipur
2026-09-30,2011.6032827198705,Manipur
2026-10-31,-1922.6796119357696,Manipur
2026-11-30,-16290.60427480156,Manipur
2025-01-04,29074.3717282425,Meghalaya
2025-01-05,21694.26137109208,Meghalaya
2025-01-06,12460.770232425692,Meghalaya
2025-01-07,21375.463011867214,Meghalaya
2025-01-09,550.4517427751434,Meghalaya
2025-01-11,1258.278586031618,Meghalaya
2025-02-03,724.7490984651477,Meghalaya
2025-02-09,-2216.1050859594425,Meghalaya
2025-02-11,2335.0980247218604,Meghalaya
2025-03-09,48.8552856081933,Meghalaya
2025-03-11,789.0552545724267,Meghalaya
2025-04-09,658.0921909348153,Meghalaya
2025-04-11,-194.01256371593854,Meghalaya
2025-05-09,902.7340738405112,Meghalaya
2025-05-11,148.4062427113472,Meghalaya
2025-06-09,470.89275859064287,Meghalaya
2025-06-11,-189.5611555236867,Meghalaya
2025-07-09,232.2284021013943,Meghalaya
2025-07-11,-117.05562395001243,Meghalaya
2025-08-09,455.99916177868363,Meghalaya
2025-08-11,278.11140586951296,Meghalaya
2025-09-09,184.58716466648275,Meghalaya
2025-09-11,439.95756973946936,Meghalaya
2025-10-09,-157.76165378081168,Meghalaya
2025-10-11,1006.2609566625815,Meghalaya
2025-11-09,-261.38532505458534,Meghalaya
2025-11-11,1032.5858058259164,Meghalaya
2025-12-09,146.00405151808081,Meghalaya
2025-12-11,885.3613506397542,Meghalaya
2025-12-31,116853.26731127036,Meghalaya
2026-01-31,35545.43675430867,Meghalaya
2026-02-28,31275.306111730257,Meghalaya
2026-03-31,-53312.07212098033,Meghalaya
2026-04-30,-92241.49691073826,Meghalaya
2026-05-31,255050.23498368132,Meghalaya
2026-06-30,-102068.89666009168,Meghalaya
2026-07-31,15889.721582292299,Meghalaya
2026-08-31,-13571.324697921227,Meghalaya
2026-09-30,122408.0961775149,Meghalaya
2026-10-31,43092.96236766651,Meghalaya
2026-11-30,-27994.279316612767,Meghalaya
2025-01-04,367.99998556886476,Mizoram
2025-01-05,737.0000057839807,Mizoram
2025-01-06,311.00002178849263,Mizoram
2025-01-07,875.0000006161126,Mizoram
2025-01-09,53.99999800029855,Mizoram
2025-01-11,22.000018315799025,Mizoram
2025-02-09,63.00002571573623,Mizoram
2025-02-11,71.00003786811249,Mizoram
2025-03-09,55.9999088855152,Mizoram
2025-03-11,28.999857682611037,Mizoram
2025-04-09,51.00007072700373,Mizoram
2025-04-11,1.0000693515503372,Mizoram
2025-05-09,27.999989702029097,Mizoram
2025-05-11,58.9999717283921,Mizoram
2025-06-09,32.00015621902185,Mizoram
2025-06-11,34.00017078546105,Mizoram
2025-07-09,3.0000594889594367,Mizoram
2025-07-11,28.000067307797394,Mizoram
2025-08-09,43.99997386263021,Mizoram
2025-08-11,56.00000302013564,Mizoram
2025-09-09,99.00005937393598,Mizoram
2025-09-11,46.000037072064515,Mizoram
2025-10-09,77.00013167877842,Mizoram
2025-10-11,33.000139255456816,Mizoram
2025-11-09,39.00007589553206,Mizoram
2025-11-11,71.00006101171357,Mizoram
2025-12-09,35.00002403979943,Mizoram
2025-12-11,77.0000041493513,Mizoram
2025-12-31,11893.483713887093,Mizoram
2026-01-31,9597.754285110499,Mizoram
2026-02-28,9044.68709164118,Mizoram
2026-03-31,5929.203105046881,Mizoram
2026-04-30,5314.268388635448,Mizoram
2026-05-31,19599.8492752506,Mizoram
2026-06-30,3271.30287955574,Mizoram
2026-07-31,10264.982475393395,Mizoram
2026-08-31,7263.922756728444,Mizoram
2026-09-30,13691.971028629494,Mizoram
2026-10-31,9658.879228310558,Mizoram
2026-11-30,7569.006172314226,Mizoram
2025-01-04,3505.9998823988935,Nagaland
2025-01-05,665.9996372704445,Nagaland
2025-01-06,738.999594387431,Nagaland
2025-01-07,4168.999751594587,Nagaland
2025-01-09,122.99986498981889,Nagaland
2025-01-11,85.99956471887708,Nagaland
2025-02-09,152.99927824724,Nagaland
2025-02-11,64.99942355406529,Nagaland
2025-03-09,110.00030353183683,Nagaland
2025-03-11,58.00051873526536,Nagaland
2025-04-09,97.99971778406871,Nagaland
2025-04-11,0.9997874459604645,Nagaland
2025-05-09,81.99946369011923,Nagaland
2025-05-11,123.99934486210441,Nagaland
2025-06-09,59.999290325588845,Nagaland
2025-06-11,51.99940111143087,Nagaland
2025-07-09,23.99997367798551,Nagaland
2025-07-11,95.99990074969355,Nagaland
2025-08-09,119.9999009809344,Nagaland
2025-08-11,235.99973902709735,Nagaland
2025-09-09,113.99973592942843,Nagaland
2025-09-11,79.99995636448512,Nagaland
2025-10-09,82.99932489673301,Nagaland
2025-10-11,78.99913480316172,Nagaland
2025-11-09,79.00026187360345,Nagaland
2025-11-11,61.00041566478103,Nagaland
2025-12-09,123.99918318193886,Nagaland
2025-12-11,77.9995061708687,Nagaland
2025-12-31,-25654.049268436076,Nagaland
2026-01-31,-36066.13468945895,Nagaland
2026-02-28,-64152.93358849091,Nagaland
2026-03-31,-114891.43540900169,Nagaland
2026-04-30,-122129.62086829255,Nagaland
2026-05-31,29145.66072337403,Nagaland
2026-06-30,-121233.14077462882,Nagaland
2026-07-31,-52604.27638353938,Nagaland
2026-08-31,-83999.75862779678,Nagaland
2026-09-30,-42820.41545365137,Nagaland
2026-10-31,-46166.78493202342,Nagaland
2026-11-30,-92157.57713778691,Nagaland
2025-01-04,275.9995626833513,Odisha
2025-01-07,528.999442284747,Odisha
2025-01-09,3433.9996497899883,Odisha
2025-01-11,407.99945043669425,Odisha
2025-02-09,2488.0001930675426,Odisha
2025-02-11,2746.0000039580536,Odisha
2025-03-09,2333.999813259779,Odisha
2025-03-11,622.9995331743414,Odisha
2025-04-09,2484.999528966274,Odisha
2025-04-11,66.9994747640527,Odisha
2025-05-09,1439.000250957784,Odisha
2025-05-11,1192.0006716384355,Odisha
2025-06-09,2654.0009181684263,Odisha
2025-06-11,822.0004975120955,Odisha
2025-07-09,107.99970538518824,Odisha
2025-07-11,769.9997895189099,Odisha
2025-08-09,3508.9995939583278,Odisha
2025-08-11,777.9997821319403,Odisha
2025-09-09,3112.999976529473,Odisha
2025-09-11,1177.0001789149292,Odisha
2025-10-09,2857.0003648509482,Odisha
2025-10-11,1219.0001281247328,Odisha
2025-11-09,2536.0000643484163,Odisha
2025-11-11,1151.9997983384521,Odisha
2025-12-09,2694.000340433826,Odisha
2025-12-11,589.000597814224,Odisha
2025-12-31,-23876.926947768123,Odisha
2026-01-31,-25899.67112050176,Odisha
2026-02-28,-709.0400314698503,Odisha
2026-03-31,16400.511056284584,Odisha
2026-04-30,107107.54731671883,Odisha
2026-05-31,-91989.69581508842,Odisha
2026-06-30,720.560899244181,Odisha
2026-07-31,14388.508068345549,Odisha
2026-08-31,20267.902016264503,Odisha
2026-09-30,-24595.26169271754,Odisha
2026-10-31,-12514.810805695068,Odisha
2026-11-30,21984.99877378131,Odisha
2025-01-09,106.00000239224451,Orissa
2025-01-11,20.999999628807693,Orissa
2025-02-09,73.00000022972495,Orissa
2025-02-11,103.0000002974066,Orissa
2025-03-09,55.99998959258534,Orissa
2025-03-11,23.999996467741227,Orissa
2025-04-09,85.00000432248383,Orissa
2025-04-11,5.000006500203135,Orissa
2025-05-09,40.99999271899394,Orissa
2025-05-11,38.999988723971995,Orissa
2025-06-09,82.00001112031569,Orissa
2025-06-11,29.000009478346758,Orissa
2025-07-09,3.999997918243942,Orissa
2025-07-11,32.00000102496187,Orissa
2025-08-09,92.99999654433958,Orissa
2025-08-11,41.99999771581313,Orissa
2025-09-09,95.00000178016458,Orissa
2025-09-11,43.00000183494247,Orissa
2025-10-09,83.00000621819609,Orissa
2025-10-11,38.00000166045186,Orissa
2025-11-09,73.99999773547705,Orissa
2025-11-11,27.000003073614515,Orissa
2025-12-09,88.99999821911484,Orissa
2025-12-11,22.000002460880587,Orissa
2025-12-31,932.4093097040147,Orissa
2026-01-31,-1075.8596705426314,Orissa
2026-02-28,-20.974871007844953,Orissa
2026-03-31,386.70932763043027,Orissa
2026-04-30,1679.512832020138,Orissa
2026-05-31,-354.30641857116825,Orissa
2026-06-30,-843.2059117408246,Orissa
2026-07-31,-195.3097757632604,Orissa
2026-08-31,317.1727274188405,Orissa
2026-09-30,1029.9051883321686,Orissa
2026-10-31,-552.648429115522,Orissa
2026-11-30,149.91386774451203,Orissa
2025-01-09,48.000000856208544,Pondicherry
2025-01-11,20.00000110637881,Pondicherry
2025-02-09,37.00000031830277,Pondicherry
2025-02-11,18.000000282475725,Pondicherry
2025-03-09,26.999997862931096,Pondicherry
2025-03-11,17.99999828731962,Pondicherry
2025-04-09,42.00000083690432,Pondicherry
2025-05-11,27.000000569215025,Pondicherry
2025-06-09,12.999998311173995,Pondicherry
2025-06-11,8.999998191499223,Pondicherry
2025-07-09,1.0000006647727133,Pondicherry
2025-07-11,16.000000649232646,Pondicherry
2025-08-09,24.000000503772487,Pondicherry
2025-08-11,36.000000594605496,Pondicherry
2025-09-09,47.99999879759628,Pondicherry
2025-09-11,9.99999863529304,Pondicherry
2025-10-09,33.00000083700402,Pondicherry
2025-10-11,23.000001017050472,Pondicherry
2025-11-09,14.000000108964185,Pondicherry
2025-11-11,22.000000228463808,Pondicherry
2025-12-09,18.999998397872492,Pondicherry
2025-12-11,33.99999815439288,Pondicherry
2025-12-31,70.88969391063344,Pondicherry
2026-01-31,132.74072018542813,Pondicherry
2026-02-28,-15.244848469724953,Pondicherry
2026-03-31,-144.27889903322225,Pondicherry
2026-04-30,186.82659681474016,Pondicherry
2026-05-31,25.311535407125334,Pondicherry
2026-06-30,-8.17868002664418,Pondicherry
2026-07-31,104.80640744183597,Pondicherry
2026-08-31,111.73394557807799,Pondicherry
2026-09-30,-115.0297695079583,Pondicherry
2026-10-31,8.029806923827003,Pondicherry
2026-11-30,-43.58114663934687,Pondicherry
2025-01-09,55.99999644988096,Puducherry
2025-01-11,23.999995355356077,Puducherry
2025-02-09,46.999995461315,Puducherry
2025-02-11,21.999994775157692,Puducherry
2025-03-09,38.000007931261905,Puducherry
2025-03-11,27.000008048597994,Puducherry
2025-04-09,23.000001015402486,Puducherry
2025-05-09,2.999997700131434,Puducherry
2025-05-11,40.99999799276298,Puducherry
2025-06-09,13.000001269269287,Puducherry
2025-06-11,14.000000809340353,Puducherry
2025-07-09,0.9999957107694328,Puducherry
2025-07-11,28.999995594913756,Puducherry
2025-08-09,30.00000070494664,Puducherry
2025-08-11,40.00000171720956,Puducherry
2025-09-09,39.99999942202242,Puducherry
2025-09-11,18.999998993962365,Puducherry
2025-10-09,33.00000537494053,Puducherry
2025-10-11,33.00000388391432,Puducherry
2025-11-09,22.00000171167965,Puducherry
2025-11-11,17.00000274410766,Puducherry
2025-12-09,24.99999714449169,Puducherry
2025-12-11,38.99999911593362,Puducherry
2025-12-31,9.562969866023593,Puducherry
2026-01-31,375.60667717741785,Puducherry
2026-02-28,13.895122424333096,Puducherry
2026-03-31,-121.60418535666224,Puducherry
2026-04-30,-481.51848156912047,Puducherry
2026-05-31,180.2883215362429,Puducherry
2026-06-30,509.50306411141577,Puducherry
2026-07-31,333.2988328253942,Puducherry
2026-08-31,-212.0989997695056,Puducherry
2026-09-30,-255.12848588659352,Puducherry
2026-10-31,226.4113311656965,Puducherry
2026-11-30,-156.55504448085264,Puducherry
2025-01-04,5575.586737265359,Punjab
2025-01-05,3872.6594654089204,Punjab
2025-01-06,3011.4878928094986,Punjab
2025-01-07,8400.232895147388,Punjab
2025-01-09,417.5069119493455,Punjab
2025-01-11,1325.2523015943552,Punjab
2025-02-09,543.9460897208992,Punjab
2025-02-11,2201.1490343038313,Punjab
2025-03-09,514.7996676311141,Punjab
2025-03-11,617.1911725696627,Punjab
2025-04-09,508.0815652875717,Punjab
2025-04-11,226.89798362149486,Punjab
2025-05-09,669.2792652165554,Punjab
2025-05-11,1153.2130157170295,Punjab
2025-06-09,730.4895176850655,Punjab
2025-06-11,497.6818927103668,Punjab
2025-07-09,94.02163644879457,Punjab
2025-07-11,331.7977879086721,Punjab
2025-08-09,1376.648201960284,Punjab
2025-08-11,474.0754095919324,Punjab
2025-09-03,161.14391041350518,Punjab
2025-09-09,976.3185600831821,Punjab
2025-09-11,898.0566610468395,Punjab
2025-10-09,1418.9755104147025,Punjab
2025-10-11,550.6582376754741,Punjab
2025-11-09,1258.5422160530943,Punjab
2025-11-11,585.0792043124675,Punjab
2025-12-09,1134.220788987779,Punjab
2025-12-11,399.62797043992396,Punjab
2025-12-31,-2394.7142688606837,Punjab
2026-01-31,-19059.88344935857,Punjab
2026-02-28,-42310.49568137083,Punjab
2026-03-31,-99918.06793467647,Punjab
2026-04-30,-103034.70796984763,Punjab
2026-05-31,58329.61723044034,Punjab
2026-06-30,-109790.15995441821,Punjab
2026-07-31,-27709.57716162339,Punjab
2026-08-31,-76503.02024503438,Punjab
2026-09-30,-5955.494629385263,Punjab
2026-10-31,-23988.310752338606,Punjab
2026-11-30,-84223.74894928753,Punjab
2025-01-04,14814.606157314207,Rajasthan
2025-01-05,4796.2670705151395,Rajasthan
2025-01-06,8429.535741743544,Rajasthan
2025-01-07,27826.312527668662,Rajasthan
2025-01-09,2928.2296353372512,Rajasthan
2025-01-11,1883.9487715728756,Rajasthan
2025-02-09,3368.0807963775296,Rajasthan
2025-02-11,8054.300983699359,Rajasthan
2025-03-09,3577.9658975222264,Rajasthan
2025-03-11,3457.8290692991286,Rajasthan
2025-04-09,3543.3687798095634,Rajasthan
2025-04-11,1668.8847265793156,Rajasthan
2025-05-09,1410.4309569308243,Rajasthan
2025-05-11,6574.271951140938,Rajasthan
2025-06-09,3765.1763678113166,Rajasthan
2025-06-11,3590.4125819139736,Rajasthan
2025-07-09,2014.419767954104,Rajasthan
2025-07-11,2032.233391195883,Rajasthan
2025-08-09,7780.25265261616,Rajasthan
2025-08-11,1731.6196516678756,Rajasthan
2025-09-03,940.2203501218173,Rajasthan
2025-09-09,5754.330396032659,Rajasthan
2025-09-11,4250.624838904027,Rajasthan
2025-10-09,8250.365918524141,Rajasthan
2025-10-11,3867.5374519741017,Rajasthan
2025-11-09,6748.55465031421,Rajasthan
2025-11-11,1813.9830464129627,Rajasthan
2025-12-09,6961.469774098223,Rajasthan
2025-12-11,2955.8308840070968,Rajasthan
2025-12-31,-252861.77185973903,Rajasthan
2026-01-31,-289595.4772860677,Rajasthan
2026-02-28,-432753.93384257285,Rajasthan
2026-03-31,-702193.2898155178,Rajasthan
2026-04-30,-674898.4541298442,Rajasthan
2026-05-31,-64121.41832084971,Rajasthan
2026-06-30,-699330.3518847132,Rajasthan
2026-07-31,-331102.6086768856,Rajasthan
2026-08-31,-577748.8972852386,Rajasthan
2026-09-30,-343287.8203577828,Rajasthan
2026-10-31,-326520.97502257104,Rajasthan
2026-11-30,-621220.2476576813,Rajasthan
2025-01-04,176.00002009986545,Sikkim
2025-01-07,431.0000215184441,Sikkim
2025-01-09,49.00001735376742,Sikkim
2025-01-11,14.000015156842972,Sikkim
2025-02-09,54.000002066755755,Sikkim
2025-02-11,25.000003704353844,Sikkim
2025-03-09,43.999988533796596,Sikkim
2025-03-11,12.999984824885495,Sikkim
2025-04-09,49.00003225704443,Sikkim
2025-04-11,2.0000306933498777,Sikkim
2025-05-09,23.999973381539807,Sikkim
2025-05-11,41.999977483584686,Sikkim
2025-06-09,5.000023847770606,Sikkim
2025-06-11,25.000022565162258,Sikkim
2025-07-11,19.999988943936856,Sikkim
2025-08-09,46.00000241402572,Sikkim
2025-08-11,20.000006958159418,Sikkim
2025-09-09,38.00000424838765,Sikkim
2025-09-11,13.00000370121115,Sikkim
2025-10-09,18.999979670298373,Sikkim
2025-10-11,18.999976039555207,Sikkim
2025-11-09,24.000030456687256,Sikkim
2025-11-11,15.000029941069968,Sikkim
2025-12-09,36.999974224218896,Sikkim
2025-12-11,9.99997156670203,Sikkim
2025-12-31,1242.2474127435382,Sikkim
2026-01-31,896.8328814541203,Sikkim
2026-02-28,-60.53123033626014,Sikkim
2026-03-31,-1521.4140597161875,Sikkim
2026-04-30,-122.16755917561096,Sikkim
2026-05-31,247.43139677927905,Sikkim
2026-06-30,-260.9842196467022,Sikkim
2026-07-31,2257.4971163885984,Sikkim
2026-08-31,-1640.8930663224558,Sikkim
2026-09-30,749.3040400922703,Sikkim
2026-10-31,453.0175148354988,Sikkim
2026-11-30,-841.6519604521218,Sikkim
2025-01-04,498.99996162483876,Tamil Nadu
2025-01-05,419.9999741239808,Tamil Nadu
2025-01-06,1930.9999289084953,Tamil Nadu
2025-01-07,971.9999343123345,Tamil Nadu
2025-01-09,3915.999975207931,Tamil Nadu
2025-01-11,2103.999965841889,Tamil Nadu
2025-02-09,3765.9999796880293,Tamil Nadu
2025-02-11,6211.000059186412,Tamil Nadu
2025-03-09,3632.999712336652,Tamil Nadu
2025-03-11,4297.999533044771,Tamil Nadu
2025-04-09,2750.000927740799,Tamil Nadu
2025-04-11,13.000921206221392,Tamil Nadu
2025-05-09,187.00010550099614,Tamil Nadu
2025-05-11,3918.0001284818845,Tamil Nadu
2025-06-09,2709.0008613310624,Tamil Nadu
2025-06-11,2441.000957000852,Tamil Nadu
2025-07-09,280.0009484642701,Tamil Nadu
2025-07-11,3291.0009605617743,Tamil Nadu
2025-08-09,3911.0011951047,Tamil Nadu
2025-08-11,2462.0012317637647,Tamil Nadu
2025-09-09,3791.0015770432183,Tamil Nadu
2025-09-11,2282.0015400951306,Tamil Nadu
2025-10-09,3796.002039681065,Tamil Nadu
2025-10-11,3175.0020453025136,Tamil Nadu
2025-11-09,3472.0021728386273,Tamil Nadu
2025-11-11,2248.002138352531,Tamil Nadu
2025-12-09,3882.0028240960673,Tamil Nadu
2025-12-11,2316.002882202665,Tamil Nadu
2025-12-31,-92824.19400302976,Tamil Nadu
2026-01-31,-84889.36741724786,Tamil Nadu
2026-02-28,-77024.5791989885,Tamil Nadu
2026-03-31,-54402.61514247238,Tamil Nadu
2026-04-30,-83016.54409432062,Tamil Nadu
2026-05-31,-137015.00642393093,Tamil Nadu
2026-06-30,-50933.38648871647,Tamil Nadu
2026-07-31,-70097.72147898457,Tamil Nadu
2026-08-31,-75621.6201374266,Tamil Nadu
2026-09-30,-111717.6967158956,Tamil Nadu
2026-10-31,-75798.47040309451,Tamil Nadu
2026-11-30,-81686.51068331658,Tamil Nadu
2025-01-04,634.0005105454256,Telangana
2025-01-05,911.000385019739,Telangana
2025-01-06,1516.0002379487487,Telangana
2025-01-07,8580.999910656552,Telangana
2025-01-09,2494.999531222704,Telangana
2025-01-11,932.9991024877963,Telangana
2025-02-09,2533.001148123789,Telangana
2025-02-11,3441.0012711527816,Telangana
2025-03-09,2555.000089669171,Telangana
2025-03-11,1084.0000019585932,Telangana
2025-04-09,2372.0007099730465,Telangana
2025-04-11,16.00084925343981,Telangana
2025-05-09,451.9997746623685,Telangana
2025-05-11,1326.9993779624365,Telangana
2025-06-09,1732.0001738448664,Telangana
2025-06-11,1058.0002710183344,Telangana
2025-07-09,106.00100684677625,Telangana
2025-07-11,1543.001250143092,Telangana
2025-08-09,2860.9996076971993,Telangana
2025-08-11,1152.9996910851178,Telangana
2025-09-09,2994.9993660763175,Telangana
2025-09-11,1385.9993493195852,Telangana
2025-10-09,2801.0006952414806,Telangana
2025-10-11,2100.000536501222,Telangana
2025-11-09,2254.9998715050315,Telangana
2025-11-11,1066.999973071277,Telangana
2025-12-09,2579.9994280381507,Telangana
2025-12-11,1464.9996288356924,Telangana
2025-12-31,-25864.460920757672,Telangana
2026-01-31,-38821.41389370136,Telangana
2026-02-28,-77172.03274967833,Telangana
2026-03-31,-170755.96916496026,Telangana
2026-04-30,-145585.87890799812,Telangana
2026-05-31,62641.89444351503,Telangana
2026-06-30,-195026.22399469992,Telangana
2026-07-31,-35756.238646569655,Telangana
2026-08-31,-114817.9348749228,Telangana
2026-09-30,-50235.81693001765,Telangana
2026-10-31,-46398.287740821936,Telangana
2026-11-30,-125350.81582782196,Telangana
2025-01-04,286.0000746873686,Tripura
2025-01-06,167.00009962606387,Tripura
2025-01-07,665.0000810740014,Tripura
2025-01-09,250.0000684856272,Tripura
2025-01-11,47.000082902955796,Tripura
2025-02-09,249.99998771257373,Tripura
2025-02-11,260.999963603091,Tripura
2025-03-09,217.00002889945114,Tripura
2025-03-11,93.00001219676123,Tripura
2025-04-09,192.00001609572985,Tripura
2025-04-11,3.000011258083177,Tripura
2025-05-09,18.999982258556898,Tripura
2025-05-11,281.99995919466124,Tripura
2025-06-09,130.00011001954127,Tripura
2025-06-11,101.00012829393299,Tripura
2025-07-09,13.000026867146687,Tripura
2025-07-11,116.00003154552729,Tripura
2025-08-09,199.99990862043427,Tripura
2025-08-11,101.99993089415938,Tripura
2025-09-09,223.00001953787515,Tripura
2025-09-11,82.99999550829943,Tripura
2025-10-09,160.00002607020207,Tripura
2025-10-11,161.00003661346045,Tripura
2025-11-09,183.00007535146665,Tripura
2025-11-11,127.00007048924124,Tripura
2025-12-09,172.99986682456614,Tripura
2025-12-11,177.9998465616041,Tripura
2025-12-31,3440.69201105535,Tripura
2026-01-31,1890.2472990364724,Tripura
2026-02-28,935.6205784798209,Tripura
2026-03-31,-2713.902282002264,Tripura
2026-04-30,-3035.2664517000985,Tripura
2026-05-31,9555.669565153215,Tripura
2026-06-30,-4986.142651312611,Tripura
2026-07-31,2543.294010608036,Tripura
2026-08-31,-379.20762229737056,Tripura
2026-09-30,2623.7023356057834,Tripura
2026-10-31,2065.1325801473304,Tripura
2026-11-30,-800.3234602130669,Tripura
2025-01-04,54290.664847045904,Uttar Pradesh
2025-01-05,51979.83680479467,Uttar Pradesh
2025-01-06,54282.58078905812,Uttar Pradesh
2025-01-07,155600.5253519894,Uttar Pradesh
2025-01-09,8346.539897227252,Uttar Pradesh
2025-01-11,5515.270910417486,Uttar Pradesh
2025-02-09,10913.961321959621,Uttar Pradesh
2025-02-11,19728.3367620316,Uttar Pradesh
2025-03-09,9641.906249229738,Uttar Pradesh
2025-03-11,9416.450233543117,Uttar Pradesh
2025-04-09,8397.395645272394,Uttar Pradesh
2025-04-11,4745.391431837081,Uttar Pradesh
2025-05-09,819.0342557857512,Uttar Pradesh
2025-05-11,16768.754933074044,Uttar Pradesh
2025-06-09,9766.492132112478,Uttar Pradesh
2025-06-11,9186.377197284128,Uttar Pradesh
2025-07-09,5153.44069557779,Uttar Pradesh
2025-07-11,5675.74925598066,Uttar Pradesh
2025-08-09,17822.167661350373,Uttar Pradesh
2025-08-11,4604.038154961279,Uttar Pradesh
2025-09-03,3411.2876635725697,Uttar Pradesh
2025-09-09,11609.427230731424,Uttar Pradesh
2025-09-11,10414.857887158985,Uttar Pradesh
2025-10-09,17186.515856187674,Uttar Pradesh
2025-10-11,11846.254062928027,Uttar Pradesh
2025-11-09,14896.061110803363,Uttar Pradesh
2025-11-11,3751.5203878156026,Uttar Pradesh
2025-12-09,15079.801559310174,Uttar Pradesh
2025-12-11,6873.778467841155,Uttar Pradesh
2025-12-31,206594.8350237658,Uttar Pradesh
2026-01-31,-51034.912412861595,Uttar Pradesh
2026-02-28,-665955.0247601051,Uttar Pradesh
2026-03-31,-1868323.0687614223,Uttar Pradesh
2026-04-30,-1977981.5989459378,Uttar Pradesh
2026-05-31,1622578.4335122756,Uttar Pradesh
2026-06-30,-2006537.3152562613,Uttar Pradesh
2026-07-31,-149604.44612056727,Uttar Pradesh
2026-08-31,-1357067.3026658045,Uttar Pradesh
2026-09-30,26224.659929112764,Uttar Pradesh
2026-10-31,-184600.3334307809,Uttar Pradesh
2026-11-30,-1395967.741079183,Uttar Pradesh
2025-01-04,1276.000255702973,Uttarakhand
2025-01-05,624.0002570996639,Uttarakhand
2025-01-06,294.00024822293744,Uttarakhand
2025-01-07,2363.0002359734353,Uttarakhand
2025-01-09,293.00012289944425,Uttarakhand
2025-01-11,135.000155541833,Uttarakhand
2025-02-09,255.00026725986572,Uttarakhand
2025-02-11,635.0003062489577,Uttarakhand
2025-03-09,495.00018096071835,Uttarakhand
2025-03-11,381.000178161602,Uttarakhand
2025-04-09,467.00008507298753,Uttarakhand
2025-04-11,9.000054909310165,Uttarakhand
2025-05-09,169.00001022776542,Uttarakhand
2025-05-11,557.0001153057297,Uttarakhand
2025-06-09,502.00027032379876,Uttarakhand
2025-06-11,322.00015432586497,Uttarakhand
2025-07-09,89.00010228273887,Uttarakhand
2025-07-11,334.0001393146839,Uttarakhand
2025-08-09,695.0000303812044,Uttarakhand
2025-08-11,439.0000025348181,Uttarakhand
2025-09-09,737.000244289412,Uttarakhand
2025-09-11,385.00016285998936,Uttarakhand
2025-10-09,711.0000897825039,Uttarakhand
2025-10-11,543.0001532792303,Uttarakhand
2025-11-09,564.0001934486263,Uttarakhand
2025-11-11,375.000212001778,Uttarakhand
2025-12-09,542.0000895256908,Uttarakhand
2025-12-11,276.00001211161,Uttarakhand
2025-12-31,-7990.755278561175,Uttarakhand
2026-01-31,-13386.836346925676,Uttarakhand
2026-02-28,-23088.645191250893,Uttarakhand
2026-03-31,-46062.557732440255,Uttarakhand
2026-04-30,-45641.31383829555,Uttarakhand
2026-05-31,17170.335642984057,Uttarakhand
2026-06-30,-52053.769443140365,Uttarakhand
2026-07-31,-16526.60908572747,Uttarakhand
2026-08-31,-32465.62782111453,Uttarakhand
2026-09-30,-13543.054288401938,Uttarakhand
2026-10-31,-15335.885905907762,Uttarakhand
2026-11-30,-36774.03610532311,Uttarakhand
2025-01-09,1.0,West  Bengal
2025-04-09,1.0,West  Bengal
2025-05-09,1.0,West  Bengal
2025-07-09,1.0,West  Bengal
2025-08-09,1.0,West  Bengal
2025-08-11,1.0,West  Bengal
2025-09-09,1.0,West  Bengal
2025-10-09,1.0,West  Bengal
2025-11-09,1.0,West  Bengal
2025-12-09,1.0,West  Bengal
2025-12-31,1.0,West  Bengal
2026-01-31,1.0,West  Bengal
2026-02-28,1.0,West  Bengal
2026-03-31,1.0,West  Bengal
2026-04-30,1.0,West  Bengal
2026-05-31,1.0,West  Bengal
2026-06-30,1.0,West  Bengal
2026-07-31,1.0,West  Bengal
2026-08-31,1.0,West  Bengal
2026-09-30,1.0,West  Bengal
2026-10-31,1.0,West  Bengal
2026-11-30,1.0,West  Bengal
2025-01-04,3503.10359594068,West Bengal
2025-01-05,10002.519078726633,West Bengal
2025-01-06,8500.183259062578,West Bengal
2025-01-07,28051.379028493586,West Bengal
2025-01-09,4895.253350756786,West Bengal
2025-01-11,1403.4844989874036,West Bengal
2025-02-09,5366.473119668615,West Bengal
2025-02-11,9302.060630312353,West Bengal
2025-03-09,5130.797821238313,West Bengal
2025-03-11,4132.2535545074425,West Bengal
2025-04-09,4817.6861286878375,West Bengal
2025-04-11,1107.5536359003818,West Bengal
2025-05-09,3339.1915510558956,West Bengal
2025-05-11,7420.5409450729285,West Bengal
2025-06-09,5716.890865933129,West Bengal
2025-06-11,4174.67014235155,West Bengal
2025-07-09,2908.725717224643,West Bengal
2025-07-11,3033.164748209271,West Bengal
2025-08-09,7245.519311644743,West Bengal
2025-08-11,2909.7781826781747,West Bengal
2025-09-03,627.9406760055105,West Bengal
2025-09-09,5541.008018690168,West Bengal
2025-09-11,4970.834336735854,West Bengal
2025-10-09,6925.110338657284,West Bengal
2025-10-11,5804.011126879951,West Bengal
2025-11-09,6553.296717251536,West Bengal
2025-11-11,2767.9700871254827,West Bengal
2025-12-09,6164.643218163192,West Bengal
2025-12-11,2554.1870147159334,West Bengal
2025-12-31,79332.53782937294,West Bengal
2026-01-31,34161.181151818615,West Bengal
2026-02-28,-41799.91755475562,West Bengal
2026-03-31,-239016.3577682309,West Bengal
2026-04-30,-207749.91066749275,West Bengal
2026-05-31,319572.87353484135,West Bengal
2026-06-30,-285559.3221686134,West Bengal
2026-07-31,57102.22020702305,West Bengal
2026-08-31,-157742.95040905447,West Bengal
2026-09-30,64594.718371674906,West Bengal
2026-10-31,40812.80052009825,West Bengal
2026-11-30,-151862.67785363857,West Bengal
